<?xml version="1.0" encoding="UTF-8"?>
<!DOCTYPE mapper PUBLIC "-//mybatis.org//DTD Mapper 3.0//EN"
        "http://mybatis.org/dtd/mybatis-3-mapper.dtd">

<mapper namespace="com.dengtacj.newssample.infrastructure.database.info.mapper.DetectEventMapper">


    <select id="listEventByDate" resultType="DetectEventDO" parameterType="map">
        SELECT
            A.event_id,
            A.event_title,
            A.news_num,
            C.stock_num,
            A.event_hot,
            UNIX_TIMESTAMP( A.create_time ) AS create_time,
            keyword_list
        FROM
            t_ed_event_info AS A
            LEFT JOIN ( SELECT event_id, GROUP_CONCAT( keyword ) AS keyword_list FROM t_ed_event_keywords GROUP BY event_id ) AS B ON A.event_id = B.event_id
            LEFT JOIN ( SELECT event_id, count(*) as stock_num FROM event_stock_statistics GROUP BY event_id) AS C ON C.event_id=A.event_id
        WHERE
            create_time > #{beginTime}
        ORDER BY
            create_time DESC
        LIMIT 500
    </select>

    <select id="listKeywordByEventId" resultType="EventKeywordDO" parameterType="map">
        SELECT
            event_id, keyword, weight, type
        FROM
            t_ed_event_keywords
        WHERE
            event_id = #{eventId}
        ORDER BY weight DESC
    </select>

    <select id="listNewsIdByEventId" resultType="java.lang.String" parameterType="map">
        SELECT
            news_id, B.publish_time
        FROM
            t_ed_news_info AS A
            INNER JOIN news_info AS B ON A.news_id = B.id
        WHERE
            event_id = #{eventId}
        ORDER BY
            B.publish_time desc
    </select>

    <select id="listStockCodeByEventId" resultType="StockWithScoreDO" parameterType="map">
        SELECT
            stock_code,
            count
        FROM
            event_stock_statistics
        WHERE
            event_id = #{eventId}
    </select>

    <select id="listAllEvent" resultType="EventInfoDO" parameterType="map">
        SELECT
            event_id,
            event_title
        FROM
            t_ed_event_info
        ORDER BY
            create_time DESC
    </select>

</mapper>