<?xml version="1.0" encoding="UTF-8"?>
<!DOCTYPE mapper PUBLIC "-//mybatis.org//DTD Mapper 3.0//EN"
        "http://mybatis.org/dtd/mybatis-3-mapper.dtd">

<mapper namespace="com.dengtacj.newssample.infrastructure.database.info.mapper.NewsInfoMapper">


    <select id="getByNewsId" resultType="NewsInfoDO" parameterType="map">
        SELECT
            A.ID,
            A.title,
            A.summary,
            A.content,
            A.attitude,
            A.source,
            UNIX_TIMESTAMP(A.publish_time) as publish_time,
            UNIX_TIMESTAMP(A.create_time) as create_time,
            C.url as image_url
        FROM
            news_info AS A
            LEFT JOIN news_picture_relations AS B ON B.news_id = A.ID
            LEFT JOIN cms_picture AS C ON B.select_id = C.ID
        WHERE
            A.ID = #{newsId}
    </select>

    <select id="batchGetByNewsId" resultType="NewsInfoDO" parameterType="java.util.List">
        SELECT
            A.ID,
            A.title,
            A.summary,
            A.content,
            A.attitude,
            A.source,
            UNIX_TIMESTAMP(A.publish_time) as publish_time,
            UNIX_TIMESTAMP(A.create_time) as create_time,
            C.url as image_url
        FROM
            news_info AS A
            LEFT JOIN news_picture_relations AS B ON B.news_id = A.ID
            LEFT JOIN cms_picture AS C ON B.select_id = C.ID
        WHERE
        A.ID in
        <foreach collection="newsIdList" item="newsId" open="(" close=")" separator=",">
            #{newsId}
        </foreach>
    </select>


    <select id="getNewsIdBySource" resultType="NewsSourceIdDO" parameterType="map">
        SELECT
            news_info_id,
            source_id
        FROM
            news_source
        WHERE
            tb_source_id = #{tbSourceId}
            AND create_time > #{createTime}
        ORDER BY publish_time desc
    </select>

    <select id="getNewsIdByType" resultType="java.lang.String" parameterType="map">
        SELECT
            id
        FROM
            news_info
        WHERE
            is_original = #{newsType}
        ORDER BY publish_time desc
        LIMIT 500;
    </select>

    <select id="getRecommendNewsIdByType" resultType="java.lang.String" parameterType="map">
        SELECT
            news_id
        FROM
            recommend_page_applate
        WHERE
            type=#{type}
        ORDER BY
            date DESC, row_id ASC
        LIMIT 1
    </select>


    <select id="listRecommendAnn" resultType="RecommendAnnDO" parameterType="map">
        SELECT
            sTime,
            sId,
            eDataDbSource,
            eNewsTable,
            title,
            class_name
        FROM
            recommend_page_applate_notice
        WHERE date = (SELECT max(date) FROM	recommend_page_applate_notice)
        ORDER BY
            date DESC,
            row_id ASC
        LIMIT #{limit}
    </select>

</mapper>