<?xml version="1.0" encoding="UTF-8"?>
<!DOCTYPE mapper PUBLIC "-//mybatis.org//DTD Mapper 3.0//EN"
        "http://mybatis.org/dtd/mybatis-3-mapper.dtd">

<mapper namespace="com.dengtacj.newssample.infrastructure.database.info.mapper.NewsStatMapper">


    <select id="getNewsStatSumByDate" resultType="NewsStatDO" parameterType="map">
        SELECT
            SUM(import_amount) as import_amount,
            SUM(duplicated_amount) as duplicated_amount,
            SUM(tag_amount) as tag_amount,
            SUM(event_amount) as event_amount,
            UNIX_TIMESTAMP(modified_time) as update_time
        FROM
            news_statistics
        WHERE
            stat_date > #{beginTime};
    </select>


    <select id="getNewsStatAvgByDate" resultType="NewsStatDO" parameterType="map">
        SELECT
            AVG( import_amount ) as import_amount,
            AVG( duplicated_amount ) as duplicated_amount,
            AVG( tag_amount ) AS tag_amount,
            AVG( event_amount ) AS event_amount,
            UNIX_TIMESTAMP(modified_time) as update_time
        FROM
            news_statistics
        WHERE
            stat_date >= #{beginTime};
    </select>


    <select id="listHistoryNewsStatByDay" resultType="HistoryNewsStatDO" parameterType="map">
        SELECT
            import_amount,
            duplicated_amount,
            stat_date as date
            FROM
            news_statistics
        WHERE
            stat_date > DATE_SUB( curdate( ), INTERVAL 7 DAY )
        ORDER BY
            stat_date DESC
    </select>

    <select id="listHistoryNewsStatByWeek" resultType="HistoryNewsStatDO" parameterType="map">
        SELECT
            SUM( import_amount ) AS import_amount,
            SUM( duplicated_amount ) AS duplicated_amount,
            date_format( stat_date, '%x-%v' ) AS date
        FROM
            news_statistics
        GROUP BY
            date
        ORDER BY
            date DESC
        LIMIT 6
    </select>

    <select id="listHistoryNewsStatByMonth" resultType="HistoryNewsStatDO" parameterType="map">
        SELECT
            SUM( import_amount ) AS import_amount,
            SUM( duplicated_amount ) AS duplicated_amount,
            date_format( stat_date, '%Y-%m' ) AS date
        FROM
            news_statistics
        GROUP BY
            date
        ORDER BY
            date DESC
        LIMIT 6
    </select>


    <select id="getTagNewsStatCurDay" resultType="TagNewsStatDO" parameterType="map">
        SELECT
            sensitive_words_amount,
            sec_tag_amount,
            people_tag_amount,
            organs_tag_amount,
            districts_tag_amount,
            concept_tag_amount,
            industry_tag_amount,
            chain_tag_amount
        FROM
            news_statistics
        WHERE
            stat_date = CURRENT_DATE
    </select>

    <select id="getTagNewsStatCurWeek" resultType="TagNewsStatDO" parameterType="map">
        SELECT
            SUM(sensitive_words_amount) as sensitive_words_amount,
            SUM(sec_tag_amount) as sec_tag_amount,
            SUM(people_tag_amount) as people_tag_amount,
            SUM(organs_tag_amount) as organs_tag_amount,
            SUM(districts_tag_amount) as districts_tag_amount,
            SUM(concept_tag_amount) as concept_tag_amount,
            SUM(industry_tag_amount) as industry_tag_amount,
            SUM(chain_tag_amount) as chain_tag_amount
        FROM
            news_statistics
        WHERE
            date_format(stat_date, '%x-%v') = date_format(CURRENT_DATE, '%x-%v')
    </select>


    <select id="getTagNewsStatCurMonth" resultType="TagNewsStatDO" parameterType="map">
        SELECT
            SUM(sensitive_words_amount) as sensitive_words_amount,
            SUM(sec_tag_amount) as sec_tag_amount,
            SUM(people_tag_amount) as people_tag_amount,
            SUM(organs_tag_amount) as organs_tag_amount,
            SUM(districts_tag_amount) as districts_tag_amount,
            SUM(concept_tag_amount) as concept_tag_amount,
            SUM(industry_tag_amount) as industry_tag_amount,
            SUM(chain_tag_amount) as chain_tag_amount
        FROM
            news_statistics
        WHERE
            date_format(stat_date, '%Y-%m') = date_format(CURRENT_DATE, '%Y-%m')
    </select>


    <select id="listEventDetectStat" resultType="EventDetectStatDO" parameterType="map">
        SELECT
            source_name,
            three_day_amount,
            five_day_amount,
            seven_day_amount
        FROM
            event_statistics
    </select>

</mapper>