<?xml version="1.0" encoding="UTF-8" ?>
<!DOCTYPE configuration PUBLIC "-//mybatis.org//DTD Config 3.0//EN" "http://mybatis.org/dtd/mybatis-3-config.dtd">
<configuration>
	<!-- 开启驼峰映射 ，否则查询结果不能转成resultType-->
	<settings>
		<setting name="mapUnderscoreToCamelCase" value="true"/>
	</settings>
	<!--<typeAliases>-->
		<!--&lt;!&ndash;项目DataObject对应的包名&ndash;&gt;-->
		<!--<package name="com.dengtacj.newssample.infrastructure.database.info.dataobject"/>-->
		<!--<package name="com.dengtacj.newssample.infrastructure.database.cls.dataobject"/>-->
		<!--<package name="com.dengtacj.newssample.infrastructure.database.real.dataobject"/>-->
	<!--</typeAliases>-->
</configuration>